{
  "kind": "youtube#videoListResponse",
  "etag": "\"ld9biNPKjAjgjV7EZ4EKeEGrhao/JIwojTYGRW-iB9eFQjYOoxfygiM\"",
  "nextPageToken": "CAUQAA",
  "pageInfo": {
    "totalResults": 200,
    "resultsPerPage": 5
  },
  "items": [
    {
      "kind": "youtube#video",
      "etag": "\"ld9biNPKjAjgjV7EZ4EKeEGrhao/UU2MX4Gbeybci3VccX0386YTpXI\"",
      "id": "_EvMYEfF_hQ",
      "snippet": {
        "publishedAt": "2017-11-21T17:00:22.000Z",
        "channelId": "UCftwRNsjfRo08xYE31tkiyw",
        "title": "Stranger Things Cast Answer the Web's Most Searched Questions | WIRED",
        "description": "Stranger Things stars Gaten Matarazzo and Joe Keery take the WIRED Autocomplete Interview and answer the Internet's most searched questions about Stranger Things and themselves. Joe and Gaten answer hard-hitting questions like, \"Is Gaten Matarazzo now?\" and \"Is Joe Keery legit?\"  \n\nStill haven’t subscribed to WIRED on YouTube? ►► http://wrd.cm/15fP7B7 \r\n\r\nCONNECT WITH WIRED\r\nWeb: http://wired.com \r\nTwitter: https://twitter.com/WIRED   \r\nFacebook: https://facebook.com/WIRED\r\nPinterest: https://pinterest.com/wired\r\nGoogle+: https://plus.google.com/+WIRED  \r\nInstagram: http://instagram.com/WIRED \r\nTumblr: http://WIRED.tumblr.com \r\n\r\nWant even more? Subscribe to The Scene: http://bit.ly/subthescene \r\n\r\nABOUT WIRED\r\nWIRED is where tomorrow is realized. Through thought-provoking stories and videos, WIRED explores the future of business, innovation, and culture.\n\nStranger Things Cast Answer the Web's Most Searched Questions | WIRED",
        "thumbnails": {
          "default": {
            "url": "https://i.ytimg.com/vi/_EvMYEfF_hQ/default.jpg",
            "width": 120,
            "height": 90
          },
          "medium": {
            "url": "https://i.ytimg.com/vi/_EvMYEfF_hQ/mqdefault.jpg",
            "width": 320,
            "height": 180
          },
          "high": {
            "url": "https://i.ytimg.com/vi/_EvMYEfF_hQ/hqdefault.jpg",
            "width": 480,
            "height": 360
          },
          "standard": {
            "url": "https://i.ytimg.com/vi/_EvMYEfF_hQ/sddefault.jpg",
            "width": 640,
            "height": 480
          }
        },
        "channelTitle": "WIRED",
        "tags": [
          "autocomplete",
          "autocomplete interview",
          "autocorrect",
          "google autocomplete",
          "joe keery",
          "joe keery interview",
          "joe keery stranger things",
          "stranger things",
          "stranger things 2",
          "stranger things cast",
          "wired autocomplete",
          "gaten matarazzo interview",
          "stranger things season 2",
          "gaten matarazzo",
          "gaten",
          "webs most searched",
          "google interview",
          "stranger things cast interview",
          "joe keery stranger things 2",
          "joe keery hair",
          "stranger things stars",
          "wired",
          "wired.com"
        ],
        "categoryId": "24",
        "liveBroadcastContent": "none",
        "localized": {
          "title": "Stranger Things Cast Answer the Web's Most Searched Questions | WIRED",
          "description": "Stranger Things stars Gaten Matarazzo and Joe Keery take the WIRED Autocomplete Interview and answer the Internet's most searched questions about Stranger Things and themselves. Joe and Gaten answer hard-hitting questions like, \"Is Gaten Matarazzo now?\" and \"Is Joe Keery legit?\"  \n\nStill haven’t subscribed to WIRED on YouTube? ►► http://wrd.cm/15fP7B7 \r\n\r\nCONNECT WITH WIRED\r\nWeb: http://wired.com \r\nTwitter: https://twitter.com/WIRED   \r\nFacebook: https://facebook.com/WIRED\r\nPinterest: https://pinterest.com/wired\r\nGoogle+: https://plus.google.com/+WIRED  \r\nInstagram: http://instagram.com/WIRED \r\nTumblr: http://WIRED.tumblr.com \r\n\r\nWant even more? Subscribe to The Scene: http://bit.ly/subthescene \r\n\r\nABOUT WIRED\r\nWIRED is where tomorrow is realized. Through thought-provoking stories and videos, WIRED explores the future of business, innovation, and culture.\n\nStranger Things Cast Answer the Web's Most Searched Questions | WIRED"
        },
        "defaultAudioLanguage": "en-US"
      },
      "statistics": {
        "viewCount": "7373104",
        "likeCount": "326010",
        "dislikeCount": "5399",
        "favoriteCount": "0",
        "commentCount": "21100"
      }
    },
    {
      "kind": "youtube#video",
      "etag": "\"ld9biNPKjAjgjV7EZ4EKeEGrhao/okUYi-H8TDiSUAKwfAcxSCp7KiQ\"",
      "id": "OHOkdEBpwDc",
      "snippet": {
        "publishedAt": "2017-11-21T22:17:28.000Z",
        "channelId": "UClFSU9_bUb4Rc6OYfTt5SPw",
        "title": "The Internet Is UNDER ATTACK, Net Neutrality is Dying, and What You Can Do...",
        "description": "Shoutout to dbrand! Get The Grip for 50% Off!: http://www.DeFrancoGrip.com\nTaking Our A's and Putting Them In Your Q's…: https://youtu.be/CZgHbTfALLo\nCheckout The DeFrancoFam!: https://youtu.be/A1gx0-pGc_k\nAudio Only Versions of the PDS:\n-iTunes: http://PDSPodcast.com\n-Soundcloud: https://soundcloud.com/thephilipdefrancoshow\n————————————\nWhy Feminists Are Disowning Lena Dunham Now and The Roy Moore Tax Reform \"Problem\": https://youtu.be/BrsoYVSgYQs\nWhy We Need To Talk About The Insane YouTube Kids Problem… #Elsagate: https://youtu.be/X_K-shDq-kM\n————————————\nTODAY IN AWESOME: \nJim & Andy: The Great Beyond: https://www.youtube.com/watch?v=6kkFV0tgZxQ\nEmoji Movie Honest Trailer: https://www.youtube.com/watch?v=CzmIrPvIzxk\nStranger Things Cast Answer Web’s Most Searched Questions: https://youtu.be/_EvMYEfF_hQ\nJapanese Game Show Slippery Stairs: http://digg.com/2017/slippery-stairs-japanese-game-show\nSecret Link: https://youtu.be/1GIf1fBe4ow\n\nSTORIES:\nNet Neutrality: \nContact your representative! : https://www.battleforthenet.com/ or  https://www.callmycongress.com/\nhttps://apps.fcc.gov/edocs_public/attachmatch/DOC-347868A1.pdf\nhttps://www.politico.com/story/2017/11/20/net-neutrality-repeal-fcc-251824\nhttps://www.washingtonpost.com/news/the-switch/wp/2017/11/21/the-fcc-has-unveiled-its-plan-to-rollback-its-net-neutrality-rules/?utm_term=.40bc6541969e\nhttps://arstechnica.com/tech-policy/2017/11/rip-net-neutrality-fcc-chair-releases-plan-to-deregulate-isps/\n\nCharlie Rose Allegations: \nhttps://www.washingtonpost.com/investigations/eight-women-say-charlie-rose-sexually-harassed-them--with-nudity-groping-and-lewd-calls/2017/11/20/9b168de8-caec-11e7-8321-481fd63f174d_story.html?utm_term=.a633336175be\nhttps://www.nytimes.com/2017/11/20/us/charlie-rose-women.html\nhttps://www.cbsnews.com/news/charlie-rose-suspended-sexual-misconduct-allegations/\nhttp://www.foxnews.com/entertainment/2017/11/21/cbs-news-fires-charlie-rose-following-sexual-misconduct-allegations.html\nhttp://www.businessinsider.com/charlie-rose-accused-of-improper-behavior-by-former-interns-2017-11  \n————————————\nJOIN THE ADVENTURE: http://DeFrancoElite.com\nOH DAMN, WHERE DID YOU GET THAT DOPE SHIRT?!: http://ShopDeFranco.com\n————————————\nFACEBOOK: http://on.fb.me/mqpRW7\nTWITTER: http://Twitter.com/PhillyD\nINSTAGRAM: https://instagram.com/phillydefranco/\nSNAPCHAT: TheDeFrancoFam\nREDDIT: https://www.reddit.com/r/DeFranco\nSOUNDCLOUD: https://soundcloud.com/thephilipdefrancoshow\n————————————\nEdited by:\nJames Girardier - https://twitter.com/jamesgirardier\n\nProduced by:\nAmanda Morones - https://twitter.com/MandaOhDang\n\nMotion Graphics Artist:\nBrian Borst - https://twitter.com/brianjborst\n\nP.O. BOX\nAttn: Philip DeFranco\n16350 Ventura Blvd\nSte D #542\nEncino, CA 91436",
        "thumbnails": {
          "default": {
            "url": "https://i.ytimg.com/vi/OHOkdEBpwDc/default.jpg",
            "width": 120,
            "height": 90
          },
          "medium": {
            "url": "https://i.ytimg.com/vi/OHOkdEBpwDc/mqdefault.jpg",
            "width": 320,
            "height": 180
          },
          "high": {
            "url": "https://i.ytimg.com/vi/OHOkdEBpwDc/hqdefault.jpg",
            "width": 480,
            "height": 360
          },
          "standard": {
            "url": "https://i.ytimg.com/vi/OHOkdEBpwDc/sddefault.jpg",
            "width": 640,
            "height": 480
          },
          "maxres": {
            "url": "https://i.ytimg.com/vi/OHOkdEBpwDc/maxresdefault.jpg",
            "width": 1280,
            "height": 720
          }
        },
        "channelTitle": "Philip DeFranco",
        "tags": [
          "Jim Carrey",
          "Andy Kaufman",
          "Honest Trailers",
          "Stranger Things",
          "FCC",
          "Pai",
          "Net Neutrality",
          "Ajit Pai",
          "Comcast",
          "AT&T",
          "FTC",
          "Federal Communications Commission",
          "Federal Trade Commission",
          "Charlie Rose",
          "PBS",
          "Sexual Harassment",
          "Sexual Assault",
          "Allegations",
          "CBS",
          "CBS This Morning",
          "Bloomberg",
          "Washington Post",
          "Yvette Vega",
          "sxephil",
          "the philip defranco show",
          "philip defranco show",
          "philip defranco",
          "DeFranco",
          "current events",
          "daily",
          "news",
          "us news"
        ],
        "categoryId": "24",
        "liveBroadcastContent": "none",
        "localized": {
          "title": "The Internet Is UNDER ATTACK, Net Neutrality is Dying, and What You Can Do...",
          "description": "Shoutout to dbrand! Get The Grip for 50% Off!: http://www.DeFrancoGrip.com\nTaking Our A's and Putting Them In Your Q's…: https://youtu.be/CZgHbTfALLo\nCheckout The DeFrancoFam!: https://youtu.be/A1gx0-pGc_k\nAudio Only Versions of the PDS:\n-iTunes: http://PDSPodcast.com\n-Soundcloud: https://soundcloud.com/thephilipdefrancoshow\n————————————\nWhy Feminists Are Disowning Lena Dunham Now and The Roy Moore Tax Reform \"Problem\": https://youtu.be/BrsoYVSgYQs\nWhy We Need To Talk About The Insane YouTube Kids Problem… #Elsagate: https://youtu.be/X_K-shDq-kM\n————————————\nTODAY IN AWESOME: \nJim & Andy: The Great Beyond: https://www.youtube.com/watch?v=6kkFV0tgZxQ\nEmoji Movie Honest Trailer: https://www.youtube.com/watch?v=CzmIrPvIzxk\nStranger Things Cast Answer Web’s Most Searched Questions: https://youtu.be/_EvMYEfF_hQ\nJapanese Game Show Slippery Stairs: http://digg.com/2017/slippery-stairs-japanese-game-show\nSecret Link: https://youtu.be/1GIf1fBe4ow\n\nSTORIES:\nNet Neutrality: \nContact your representative! : https://www.battleforthenet.com/ or  https://www.callmycongress.com/\nhttps://apps.fcc.gov/edocs_public/attachmatch/DOC-347868A1.pdf\nhttps://www.politico.com/story/2017/11/20/net-neutrality-repeal-fcc-251824\nhttps://www.washingtonpost.com/news/the-switch/wp/2017/11/21/the-fcc-has-unveiled-its-plan-to-rollback-its-net-neutrality-rules/?utm_term=.40bc6541969e\nhttps://arstechnica.com/tech-policy/2017/11/rip-net-neutrality-fcc-chair-releases-plan-to-deregulate-isps/\n\nCharlie Rose Allegations: \nhttps://www.washingtonpost.com/investigations/eight-women-say-charlie-rose-sexually-harassed-them--with-nudity-groping-and-lewd-calls/2017/11/20/9b168de8-caec-11e7-8321-481fd63f174d_story.html?utm_term=.a633336175be\nhttps://www.nytimes.com/2017/11/20/us/charlie-rose-women.html\nhttps://www.cbsnews.com/news/charlie-rose-suspended-sexual-misconduct-allegations/\nhttp://www.foxnews.com/entertainment/2017/11/21/cbs-news-fires-charlie-rose-following-sexual-misconduct-allegations.html\nhttp://www.businessinsider.com/charlie-rose-accused-of-improper-behavior-by-former-interns-2017-11  \n————————————\nJOIN THE ADVENTURE: http://DeFrancoElite.com\nOH DAMN, WHERE DID YOU GET THAT DOPE SHIRT?!: http://ShopDeFranco.com\n————————————\nFACEBOOK: http://on.fb.me/mqpRW7\nTWITTER: http://Twitter.com/PhillyD\nINSTAGRAM: https://instagram.com/phillydefranco/\nSNAPCHAT: TheDeFrancoFam\nREDDIT: https://www.reddit.com/r/DeFranco\nSOUNDCLOUD: https://soundcloud.com/thephilipdefrancoshow\n————————————\nEdited by:\nJames Girardier - https://twitter.com/jamesgirardier\n\nProduced by:\nAmanda Morones - https://twitter.com/MandaOhDang\n\nMotion Graphics Artist:\nBrian Borst - https://twitter.com/brianjborst\n\nP.O. BOX\nAttn: Philip DeFranco\n16350 Ventura Blvd\nSte D #542\nEncino, CA 91436"
        },
        "defaultAudioLanguage": "en"
      },
      "statistics": {
        "viewCount": "1221399",
        "likeCount": "69961",
        "dislikeCount": "1473",
        "favoriteCount": "0",
        "commentCount": "13283"
      }
    },
    {
      "kind": "youtube#video",
      "etag": "\"ld9biNPKjAjgjV7EZ4EKeEGrhao/H0GDitnJcn2q2qv9nq1K3NI0flM\"",
      "id": "EBt_88nxG4c",
      "snippet": {
        "publishedAt": "2017-11-21T14:00:02.000Z",
        "channelId": "UCXJDX1KK6t121Z9FLhu5o2A",
        "title": "P!nk - Beautiful Trauma (Official Video)",
        "description": "P!NK's new album 'Beautiful Trauma' featuring the singles “What About Us” and \"Beautiful Trauma\" is available now!\niTunes - http://smarturl.it/BeautifulTrauma/itunes?IQid=yt \nApple Music - http://smarturl.it/BeautifulTrauma/applemusic?IQid=yt \nSpotify - http://smarturl.it/BeautifulTrauma/spotify?IQid=yt \nAmazon - http://smarturl.it/BeautifulTrauma/amazon?IQid=yt \nGoogle Play - http://smarturl.it/BeautifulTrauma/googleplay?IQid=yt\n \nWatch the Official Video for “What About Us” - http://smarturl.it/WAU?IQid=yt\n \nConnect with P!NK:\nhttp://www.facebook.com/pink\nhttp://www.twitter.com/pink\nhttp://www.instagram.com/pink\nhttp://www.pinkspage.com",
        "thumbnails": {
          "default": {
            "url": "https://i.ytimg.com/vi/EBt_88nxG4c/default.jpg",
            "width": 120,
            "height": 90
          },
          "medium": {
            "url": "https://i.ytimg.com/vi/EBt_88nxG4c/mqdefault.jpg",
            "width": 320,
            "height": 180
          },
          "high": {
            "url": "https://i.ytimg.com/vi/EBt_88nxG4c/hqdefault.jpg",
            "width": 480,
            "height": 360
          },
          "standard": {
            "url": "https://i.ytimg.com/vi/EBt_88nxG4c/sddefault.jpg",
            "width": 640,
            "height": 480
          },
          "maxres": {
            "url": "https://i.ytimg.com/vi/EBt_88nxG4c/maxresdefault.jpg",
            "width": 1280,
            "height": 720
          }
        },
        "channelTitle": "PinkVEVO",
        "tags": ["Beautiful Trauma", "P!nk", "Pop", "RCA Records Label"],
        "categoryId": "10",
        "liveBroadcastContent": "none",
        "localized": {
          "title": "P!nk - Beautiful Trauma (Official Video)",
          "description": "P!NK's new album 'Beautiful Trauma' featuring the singles “What About Us” and \"Beautiful Trauma\" is available now!\niTunes - http://smarturl.it/BeautifulTrauma/itunes?IQid=yt \nApple Music - http://smarturl.it/BeautifulTrauma/applemusic?IQid=yt \nSpotify - http://smarturl.it/BeautifulTrauma/spotify?IQid=yt \nAmazon - http://smarturl.it/BeautifulTrauma/amazon?IQid=yt \nGoogle Play - http://smarturl.it/BeautifulTrauma/googleplay?IQid=yt\n \nWatch the Official Video for “What About Us” - http://smarturl.it/WAU?IQid=yt\n \nConnect with P!NK:\nhttp://www.facebook.com/pink\nhttp://www.twitter.com/pink\nhttp://www.instagram.com/pink\nhttp://www.pinkspage.com"
        }
      },
      "statistics": {
        "viewCount": "4458842",
        "likeCount": "233454",
        "dislikeCount": "7708",
        "favoriteCount": "0",
        "commentCount": "16510"
      }
    },
    {
      "kind": "youtube#video",
      "etag": "\"ld9biNPKjAjgjV7EZ4EKeEGrhao/zPucaWVMHr1DvJN_RYgnAuoUjus\"",
      "id": "cHB_s970Uyw",
      "snippet": {
        "publishedAt": "2017-11-22T15:00:17.000Z",
        "channelId": "UCgPClNr5VSYC3syrDUIlzLw",
        "title": "The Poop In My Pants | Rick and Morty | Adult Swim",
        "description": "Rick and Morty Full Episodes: http://asw.im/3ZOUdq \nEnjoy these warm and squishy moments as we explore all that Mr. Poopybutthole has to be thankful for.\n\nSUBSCRIBE: http://bit.ly/AdultSwimSubscribe\n\nAbout Rick and Morty:\nRick and Morty is Adult Swim's most scientifically accurate animated comedy. Created by Justin Roiland and Dan Harmon, it catalogues the bizarre misadventures of a bored scientific genius/drunkard and his socially awkward grandson, Morty. Their exploits tend to have unintended consequences for Morty's dysfunctional family, especially his unfailingly mediocre father, Jerry. Watch Rick and Morty battle everything from interdimensional customs agents to Cronenberg monsters now, only at http://AdultSwim.com.\n\nWatch More Rick and Morty: http://bit.ly/RickandMorty\n\nAbout Adult Swim:\nAdult Swim is your late-night home for animation and live-action comedy. Enjoy some of your favorite shows, including Robot Chicken, Venture Bros., Tim and Eric, Aqua Teen, Childrens Hospital, Delocated, Metalocalypse, Squidbillies, and more. Watch some playlists. Fast forward, rewind, pause. It's all here. And remember to visit http://AdultSwim.com for all your full episode needs. We know you wouldn't forget, but it never hurts to make sure.\n\nConnect with Adult Swim Online:\nVisit Adult Swim WEBSITE: http://bit.ly/ASWebsite\nLike Adult Swim on FACEBOOK: http://bit.ly/ASFacebook\nFollow Adult Swim on TWITTER: http://bit.ly/ASTweet\n\nThe Poop In My Pants | Rick and Morty | Adult Swim\nhttp://www.youtube.com/user/adultswim",
        "thumbnails": {
          "default": {
            "url": "https://i.ytimg.com/vi/cHB_s970Uyw/default.jpg",
            "width": 120,
            "height": 90
          },
          "medium": {
            "url": "https://i.ytimg.com/vi/cHB_s970Uyw/mqdefault.jpg",
            "width": 320,
            "height": 180
          },
          "high": {
            "url": "https://i.ytimg.com/vi/cHB_s970Uyw/hqdefault.jpg",
            "width": 480,
            "height": 360
          },
          "standard": {
            "url": "https://i.ytimg.com/vi/cHB_s970Uyw/sddefault.jpg",
            "width": 640,
            "height": 480
          },
          "maxres": {
            "url": "https://i.ytimg.com/vi/cHB_s970Uyw/maxresdefault.jpg",
            "width": 1280,
            "height": 720
          }
        },
        "channelTitle": "Adult Swim",
        "tags": [
          "rick and morty",
          "season 3",
          "season three",
          "adult swim",
          "video",
          "rick",
          "morty",
          "comedy",
          "funny",
          "justin roiland",
          "dan harmon",
          "mr. poopybutthole",
          "extended",
          "season 3 finale",
          "alternate",
          "bonus scene",
          "promo"
        ],
        "categoryId": "24",
        "liveBroadcastContent": "none",
        "localized": {
          "title": "The Poop In My Pants | Rick and Morty | Adult Swim",
          "description": "Rick and Morty Full Episodes: http://asw.im/3ZOUdq \nEnjoy these warm and squishy moments as we explore all that Mr. Poopybutthole has to be thankful for.\n\nSUBSCRIBE: http://bit.ly/AdultSwimSubscribe\n\nAbout Rick and Morty:\nRick and Morty is Adult Swim's most scientifically accurate animated comedy. Created by Justin Roiland and Dan Harmon, it catalogues the bizarre misadventures of a bored scientific genius/drunkard and his socially awkward grandson, Morty. Their exploits tend to have unintended consequences for Morty's dysfunctional family, especially his unfailingly mediocre father, Jerry. Watch Rick and Morty battle everything from interdimensional customs agents to Cronenberg monsters now, only at http://AdultSwim.com.\n\nWatch More Rick and Morty: http://bit.ly/RickandMorty\n\nAbout Adult Swim:\nAdult Swim is your late-night home for animation and live-action comedy. Enjoy some of your favorite shows, including Robot Chicken, Venture Bros., Tim and Eric, Aqua Teen, Childrens Hospital, Delocated, Metalocalypse, Squidbillies, and more. Watch some playlists. Fast forward, rewind, pause. It's all here. And remember to visit http://AdultSwim.com for all your full episode needs. We know you wouldn't forget, but it never hurts to make sure.\n\nConnect with Adult Swim Online:\nVisit Adult Swim WEBSITE: http://bit.ly/ASWebsite\nLike Adult Swim on FACEBOOK: http://bit.ly/ASFacebook\nFollow Adult Swim on TWITTER: http://bit.ly/ASTweet\n\nThe Poop In My Pants | Rick and Morty | Adult Swim\nhttp://www.youtube.com/user/adultswim"
        },
        "defaultAudioLanguage": "en"
      },
      "statistics": {
        "viewCount": "396924",
        "likeCount": "36087",
        "dislikeCount": "508",
        "favoriteCount": "0",
        "commentCount": "4614"
      }
    },
    {
      "kind": "youtube#video",
      "etag": "\"ld9biNPKjAjgjV7EZ4EKeEGrhao/wSH2Z7iPWfsD4Ij5wPOLmDCCLLk\"",
      "id": "l7VfDVVxiMM",
      "snippet": {
        "publishedAt": "2017-11-22T12:00:02.000Z",
        "channelId": "UC1zZE_kJ8rQHgLTVfobLi_g",
        "title": "Proto-Putty in Liquid Nitrogen & Other Crazy Tests!",
        "description": "In today's video, we find out just how much proto-putty can take before it \"breaks\"!\n\nSubscribe & “Ring the Bell”: https://goo.gl/618xWm\n\nClear Silicone Caulking: http://amzn.to/2Ahi9R8\nCaulking Gun: http://amzn.to/2AfuKUZ\nCorn Starch: http://amzn.to/2xYhjHt\nFood Coloring: http://amzn.to/2zuX0pD\n\nSee What Else I’m Up To:\n\nInstagram: https://goo.gl/C0Q1YU\nFacebook: https://goo.gl/mQbwtK\nPinterest: https://goo.gl/Gbffq4\n\nBusiness Inquiries: For sponsorship requests or business opportunities please contact me directly: https://goo.gl/Z2L6yM\n\nMusic by: Marc Torch - \"Mobile Electro 7\" \nRoyalty Free Music from Epidemic Sound: https://goo.gl/jlJWJO\n\nWARNING:\n\nThis video is only for entertainment purposes. If you rely on the information portrayed in this video, you assume the responsibility for the results. Have fun, but always think ahead, and remember that every project you try is at YOUR OWN RISK.\n\n✌️👑  RANDOM NATION: TRANSLATE this video and you'll GET CREDIT! Click Here: https://goo.gl/mQWSTQ\nWant credit TRANSLATING other videos? Click Here to see where else you can contribute: https://goo.gl/Dmpwbq\n\nTHANK YOU!! ✌️👑",
        "thumbnails": {
          "default": {
            "url": "https://i.ytimg.com/vi/l7VfDVVxiMM/default.jpg",
            "width": 120,
            "height": 90
          },
          "medium": {
            "url": "https://i.ytimg.com/vi/l7VfDVVxiMM/mqdefault.jpg",
            "width": 320,
            "height": 180
          },
          "high": {
            "url": "https://i.ytimg.com/vi/l7VfDVVxiMM/hqdefault.jpg",
            "width": 480,
            "height": 360
          },
          "standard": {
            "url": "https://i.ytimg.com/vi/l7VfDVVxiMM/sddefault.jpg",
            "width": 640,
            "height": 480
          },
          "maxres": {
            "url": "https://i.ytimg.com/vi/l7VfDVVxiMM/maxresdefault.jpg",
            "width": 1280,
            "height": 720
          }
        },
        "channelTitle": "The King of Random",
        "tags": [
          "proto putty",
          "proto",
          "putty",
          "diy",
          "do it yourself",
          "test",
          "tests",
          "silicone",
          "corn starch",
          "liquid nitrogen",
          "furnace",
          "backyard foundry",
          "torture test",
          "experiment",
          "stress",
          "hot",
          "how-to",
          "science",
          "freeze",
          "grant thompson",
          "king of random",
          "the king of random",
          "random happens",
          "tkor",
          "thekingofrandom",
          "random",
          "how to make",
          "build project",
          "how to",
          "weekend project",
          "tutorial",
          "family friendly",
          "try this at home",
          "grant thompson king of random",
          "kids",
          "science experiment"
        ],
        "categoryId": "27",
        "liveBroadcastContent": "none",
        "localized": {
          "title": "Proto-Putty in Liquid Nitrogen & Other Crazy Tests!",
          "description": "In today's video, we find out just how much proto-putty can take before it \"breaks\"!\n\nSubscribe & “Ring the Bell”: https://goo.gl/618xWm\n\nClear Silicone Caulking: http://amzn.to/2Ahi9R8\nCaulking Gun: http://amzn.to/2AfuKUZ\nCorn Starch: http://amzn.to/2xYhjHt\nFood Coloring: http://amzn.to/2zuX0pD\n\nSee What Else I’m Up To:\n\nInstagram: https://goo.gl/C0Q1YU\nFacebook: https://goo.gl/mQbwtK\nPinterest: https://goo.gl/Gbffq4\n\nBusiness Inquiries: For sponsorship requests or business opportunities please contact me directly: https://goo.gl/Z2L6yM\n\nMusic by: Marc Torch - \"Mobile Electro 7\" \nRoyalty Free Music from Epidemic Sound: https://goo.gl/jlJWJO\n\nWARNING:\n\nThis video is only for entertainment purposes. If you rely on the information portrayed in this video, you assume the responsibility for the results. Have fun, but always think ahead, and remember that every project you try is at YOUR OWN RISK.\n\n✌️👑  RANDOM NATION: TRANSLATE this video and you'll GET CREDIT! Click Here: https://goo.gl/mQWSTQ\nWant credit TRANSLATING other videos? Click Here to see where else you can contribute: https://goo.gl/Dmpwbq\n\nTHANK YOU!! ✌️👑"
        },
        "defaultAudioLanguage": "en"
      },
      "statistics": {
        "viewCount": "290204",
        "likeCount": "8903",
        "dislikeCount": "1211",
        "favoriteCount": "0",
        "commentCount": "3370"
      }
    }
  ]
}
